Gender,Married,Education,Self_Employed,ApplicantIncome,CoapplicantIncome,LoanAmount,Loan_Amount_Term,Credit_History,Property_Area,Loan_Status
Male,No,Graduate,No,0.070489,0,0.19886,0.74359,1,Urban,Y
Male,Yes,Graduate,No,0.05483,0.036192,0.172214,0.74359,1,Rural,N
Male,Yes,Graduate,Yes,0.03525,0,0.082489,0.74359,1,Urban,Y
Male,Yes,'Not Graduate',No,0.030093,0.056592,0.160637,0.74359,1,Urban,Y
Male,No,Graduate,No,0.072356,0,0.191027,0.74359,1,Urban,Y
Male,Yes,Graduate,Yes,0.065145,0.100703,0.373372,0.74359,1,Urban,Y
Male,Yes,'Not Graduate',No,0.027001,0.036384,0.124457,0.74359,1,Urban,Y
Male,Yes,Graduate,No,0.035696,0.060096,0.21563,0.74359,0,Semiurban,N
Male,Yes,Graduate,No,0.047693,0.036624,0.230101,0.74359,1,Urban,Y
Male,Yes,Graduate,No,0.15697,0.26323,0.492041,0.74359,1,Semiurban,N
Male,Yes,Graduate,No,0.037724,0.0168,0.088278,0.74359,1,Urban,Y
Male,Yes,Graduate,No,0.029066,0.04416,0.144718,0.74359,1,Urban,Y
Male,Yes,Graduate,No,0.036153,0.194542,0.276411,0.74359,1,Urban,Y
Male,No,Graduate,No,0.021064,0.068159,0.151954,0.74359,1,Rural,N
Male,Yes,Graduate,No,0.014212,0.026064,0.011577,0.230769,1,Urban,Y
Male,No,Graduate,No,0.059369,0,0.167873,0.74359,1,Urban,Y
Male,No,'Not Graduate',No,0.042622,0,0.131693,0.487179,0.842199,Urban,Y
Female,No,Graduate,No,0.041558,0,0.096961,0.74359,0,Urban,N
Male,Yes,'Not Graduate',No,0.05859,0,0.17945,0.74359,1,Rural,N
Male,Yes,Graduate,No,0.030303,0.083999,0.153401,0.705128,1,Urban,Y
Male,Yes,'Not Graduate',No,0.092888,0,0.137482,0.74359,0,Urban,N
Male,Yes,Graduate,No,0.0718,0.134999,0.442836,0.74359,1,Urban,Y
Male,Yes,'Not Graduate',No,0.030303,0.045864,0.154848,0.74359,0,Semiurban,N
Male,Yes,'Not Graduate',No,0.039765,0.046008,0.149059,0.74359,0,Rural,N
Male,Yes,Graduate,No,0.044119,0.070199,0.205499,0.74359,0.842199,Semiurban,N
Male,Yes,Graduate,Yes,0.116388,0,0.263386,0.74359,1,Semiurban,Y
Male,Yes,Graduate,No,0.032764,0.054072,0.163531,0.74359,1,Semiurban,Y
Male,Yes,'Not Graduate',No,0.050414,0.02496,0.146165,0.74359,1,Urban,Y
Male,No,'Not Graduate',No,0.01598,0,0.037627,0.74359,1,Urban,N
Female,No,Graduate,No,0.044527,0.049992,0.160637,0.74359,1,Semiurban,Y
Male,Yes,Graduate,No,0.049672,0.080855,0.277858,0.74359,0.842199,Urban,N
Male,No,Graduate,No,0.037316,0,0.094067,0.74359,1,Urban,N
Male,No,Graduate,Yes,0.056178,0,0.140376,0.74359,1,Rural,N
Male,Yes,Graduate,No,0.041435,0.040008,0.151954,0.74359,1,Semiurban,Y
Male,No,Graduate,No,0.152752,0.071999,0.450072,0.74359,1,Rural,N
Male,Yes,Graduate,No,0.026283,0.049608,0.19886,0.74359,1,Urban,Y
Male,Yes,Graduate,No,0.020754,0.03192,0.131693,0.705128,0,Urban,N
Female,Yes,Graduate,No,0.0435,0.035016,0.195369,0.74359,1,Semiurban,Y
Male,No,Graduate,No,0.049672,0.173039,0.253256,0.74359,1,Urban,Y
Male,No,'Not Graduate',No,0.044502,0.040032,0.146165,0.74359,1,Semiurban,Y
Male,No,Graduate,No,0.042672,0,0.10275,0.74359,1,Urban,N
Male,No,Graduate,No,0.020408,0.029112,0.054993,0.74359,1,Urban,Y
Male,Yes,Graduate,No,0.027829,0,0.095514,0.74359,0.842199,Urban,Y
Male,Yes,Graduate,No,0.046889,0.056064,0.180897,0.74359,1,Semiurban,Y
Male,Yes,'Not Graduate',Yes,0.056215,0,0.125904,0.705128,1,Urban,Y
Female,No,Graduate,No,0.040322,0,0.114327,0.705128,1,Urban,Y
Male,Yes,Graduate,No,0.068015,0,0.050651,0.74359,1,Urban,Y
Male,Yes,Graduate,No,0.070142,0,0.195369,0.74359,1,Urban,Y
Female,Yes,Graduate,No,0.03086,0.082559,0.160637,0.74359,0,Urban,N
Female,No,Graduate,No,0.047619,0.0546,0.195369,0.74359,1,Semiurban,Y
Female,Yes,'Not Graduate',No,0.021991,0.039456,0.131693,0.74359,1,Semiurban,Y
Female,No,Graduate,No,0.036314,0,0.160637,0.74359,1,Semiurban,Y
Female,No,Graduate,No,0.050464,0,0.149059,0.74359,1,Semiurban,N
Male,Yes,Graduate,No,0.055238,0,0.180897,0.74359,1,Urban,N
Female,Yes,Graduate,Yes,0.140383,0,0.400868,0.74359,0,Urban,N
Male,Yes,Graduate,No,0.031639,0.028008,0.127352,0.74359,1,Semiurban,Y
Male,Yes,Graduate,No,0.024515,0.038184,0.125904,0.74359,1,Semiurban,Y
Male,Yes,Graduate,No,0.039777,0.0528,0.182344,0.74359,1,Rural,N
Male,Yes,Graduate,No,0.098083,0.054,0.247467,0.74359,1,Urban,Y
Male,Yes,'Not Graduate',No,0.039666,0.068615,0.195369,0.74359,1,Urban,Y
Male,Yes,Graduate,No,0.029066,0.091103,0.160637,0.74359,1,Urban,Y
Male,Yes,Graduate,No,0.035609,0,0.130246,0.74359,1,Urban,Y
Male,Yes,'Not Graduate',Yes,0.030414,0.082775,0.22576,0.358974,0,Rural,N
Male,Yes,Graduate,No,0.059307,0,0.19886,0.74359,0,Rural,N
Female,No,Graduate,No,0.049672,0,0.154848,0.74359,0,Semiurban,N
Male,Yes,Graduate,No,0.068967,0.110279,0.360347,0.74359,1,Semiurban,N
Male,No,'Not Graduate',No,0.037724,0.054096,0.16932,0.358974,0,Urban,N
Male,Yes,Graduate,No,0.131107,0,0.438495,0.74359,1,Urban,Y
Male,Yes,'Not Graduate',Yes,0.085962,0,0.167873,0.102564,1,Urban,Y
Female,No,Graduate,No,0.05133,0,0.183792,0.74359,0,Semiurban,N
Male,Yes,Graduate,No,0.037823,0.073583,0.23589,0.74359,1,Urban,Y
Male,Yes,'Not Graduate',Yes,0.021336,0.045,0.127352,0.74359,1,Semiurban,Y
Male,No,Graduate,No,0.041435,0,0.104197,0.615385,1,Semiurban,Y
Male,Yes,'Not Graduate',No,0.056957,0,0.124457,0.705128,0,Semiurban,N
Male,Yes,Graduate,Yes,0.063278,0.042576,0.257598,0.74359,1,Semiurban,Y
Male,No,Graduate,No,0.044527,0,0.150507,1,1,Urban,N
Male,No,Graduate,No,0.044527,0.113999,0.241679,0.74359,1,Urban,N
Male,Yes,Graduate,Yes,0.010513,0.072527,0.146165,0.74359,1,Urban,N
Male,Yes,Graduate,No,0.037316,0.095999,0.247467,0.615385,0,Semiurban,N
Male,Yes,'Not Graduate',Yes,0.039369,0.051984,0.175109,0.74359,0.842199,Semiurban,Y
Female,No,Graduate,No,0.045714,0,0.147612,0.74359,1,Semiurban,Y
Male,Yes,Graduate,Yes,0.027767,0,0.19886,0.74359,1,Semiurban,Y
Female,Yes,Graduate,No,0.015189,0.045144,0.228654,0.74359,1,Urban,N
Male,Yes,Graduate,No,0.072356,0.054,0.370478,0.74359,0.842199,Semiurban,N
Male,Yes,Graduate,No,0.047471,0,0.059334,0.487179,1,Urban,Y
Male,No,Graduate,No,0.027409,0.060744,0.183792,0.74359,1,Semiurban,Y
Male,Yes,'Not Graduate',No,0.039369,0.048,0.130246,0.74359,0.842199,Semiurban,Y
Male,Yes,Graduate,No,0.029066,0.050832,0.137482,0.74359,1,Semiurban,Y
Male,No,Graduate,No,0.104094,0,0.290883,0.74359,1,Urban,Y
Male,Yes,Graduate,No,0.068584,0.100007,0.240232,0.74359,1,Semiurban,Y
Male,Yes,Graduate,No,0.034731,0.069599,0.176556,0.74359,1,Semiurban,Y
Male,Yes,Graduate,No,0.075448,0.135695,0.259045,0.358974,1,Semiurban,Y
Male,Yes,'Not Graduate',No,0.038627,0.04368,0.104197,0.74359,1,Urban,Y
Male,No,Graduate,No,0.049264,0,0.163531,0.74359,1,Semiurban,Y
Male,No,'Not Graduate',No,0.042919,0,0.023155,0.230769,1,Semiurban,Y
Male,No,Graduate,No,0.082028,0,0.19886,0.74359,0.842199,Urban,N
Female,Yes,Graduate,No,0.028868,0.055248,0.185239,0.74359,1,Semiurban,Y
Male,Yes,Graduate,No,0.022597,0.023928,0.059334,0.74359,1,Semiurban,Y
Male,Yes,'Not Graduate',No,0.049944,0,0.153401,0.358974,1,Semiurban,Y
Male,Yes,Graduate,No,0.019901,0.084983,0.176556,0.74359,1,Semiurban,Y
Male,Yes,'Not Graduate',No,0.051181,0.078311,0.17945,0.358974,1,Urban,Y
Male,No,Graduate,No,0.058046,0.091343,0.205499,0.74359,1,Semiurban,Y
Male,Yes,Graduate,No,0.166976,0,0.19886,0.74359,1,Urban,Y
Male,Yes,Graduate,No,0.055683,0.085991,0.19886,0.74359,1,Semiurban,Y
Male,Yes,Graduate,No,0.045343,0.018096,0.218524,0.74359,1,Urban,Y
Male,Yes,Graduate,No,0.035894,0.02472,0.131693,0.74359,1,Urban,Y
Male,Yes,Graduate,No,0.139357,0.027024,0.31259,0.74359,1,Urban,Y
Male,No,'Not Graduate',No,0.088844,0,0.160637,0.74359,1,Rural,N
Male,Yes,Graduate,No,0.045145,0.086399,0.299566,0.74359,0,Urban,N
Male,Yes,'Not Graduate',No,0.02376,0.018096,0.12301,1,1,Semiurban,Y
Male,No,Graduate,No,0.063896,0,0.183792,0.74359,1,Urban,Y
Female,Yes,Graduate,No,0.034372,0.055992,0.188133,0.74359,1,Semiurban,Y
Male,Yes,'Not Graduate',No,0.042325,0.098735,0.206946,0.705128,0,Rural,N
Female,No,Graduate,Yes,0.090303,0,0.19886,0.74359,1,Semiurban,Y
Male,No,Graduate,No,0.060606,0,0.157742,0.74359,1,Semiurban,Y
Male,Yes,Graduate,No,0.178516,0,0.254703,0.358974,1,Rural,Y
Female,Yes,Graduate,No,0.037316,0.054792,0.209841,0.74359,1,Semiurban,Y
Male,Yes,Graduate,No,0.025529,0.033552,0.109986,0.74359,0.842199,Urban,Y
Male,Yes,Graduate,No,0.067013,0.051408,0.240232,0.74359,1,Rural,N
Female,No,Graduate,No,0.126877,0,0.361795,0.74359,1,Urban,Y
Male,Yes,Graduate,No,0.068237,0.064007,0.247467,0.74359,1,Rural,Y
Female,No,Graduate,No,0.049672,0,0.050651,0.74359,1,Semiurban,Y
Female,No,Graduate,No,0.024576,0.215518,0.185239,0.74359,0,Semiurban,Y
Male,Yes,Graduate,No,0.034719,0,0.104197,0.74359,1,Semiurban,Y
Male,Yes,'Not Graduate',No,0.05133,0.048336,0.267728,0.74359,1,Rural,Y
Female,No,Graduate,No,0.04381,0,0.121563,0.74359,0.842199,Rural,Y
Male,Yes,Graduate,No,0.292554,0,0.522431,0.74359,1,Rural,Y
Male,No,Graduate,No,0.045949,0.03936,0.19886,0.74359,1,Rural,Y
Male,Yes,Graduate,Yes,0.128176,0.092399,0.218524,0.358974,0,Urban,N
Male,Yes,Graduate,No,0.073346,0.061656,0.250362,0.74359,0.842199,Rural,N
Male,No,Graduate,Yes,0.24757,0,0.927641,1,0.842199,Urban,Y
Male,No,Graduate,No,0.023055,0.046296,0.094067,0.74359,1,Urban,Y
Male,No,Graduate,No,0.031763,0,0.088278,0.74359,1,Semiurban,Y
Male,Yes,Graduate,Yes,0.040928,0,0.023155,0.230769,1,Semiurban,Y
Male,No,Graduate,No,0.058689,0,0.134588,0.74359,1,Semiurban,Y
Male,Yes,Graduate,No,0.047619,0.185999,0.406657,0.74359,1,Semiurban,N
Female,Yes,Graduate,No,0.05483,0,0.108538,0.74359,1,Rural,N
Male,Yes,Graduate,Yes,0.039159,0.083999,0.114327,0.74359,1,Urban,Y
Male,No,Graduate,No,0.183661,0,0.337192,0.74359,0,Semiurban,N
Male,Yes,'Not Graduate',No,0.050093,0.03432,0.173661,0.74359,1,Rural,N
Male,Yes,Graduate,No,0.060507,0.049992,0.254703,0.74359,1,Rural,N
Male,No,Graduate,No,0.065145,0,0.230101,0.74359,1,Urban,Y
Male,No,Graduate,Yes,0.084106,0,0.240232,0.358974,1,Semiurban,Y
Male,Yes,Graduate,No,0.031515,0.048816,0.163531,0.74359,1,Semiurban,Y
Male,Yes,Graduate,No,0.143562,0,0.257598,0.358974,1,Urban,Y
Female,Yes,Graduate,No,0.026964,0.107663,0.131693,0.74359,1,Semiurban,Y
Female,Yes,Graduate,No,0.182016,0,0.088278,0.74359,1,Urban,Y
Male,Yes,Graduate,No,0.017168,0.0342,0.030391,0.74359,1,Urban,Y
Female,No,Graduate,No,0.121831,0.039984,0.31259,0.74359,1,Rural,N
Male,Yes,Graduate,No,0.058256,0.01992,0.167873,0.74359,1,Semiurban,Y
Male,No,Graduate,No,0.075782,0,0.157742,0.74359,0,Rural,N
Male,Yes,Graduate,Yes,0.030019,0.089999,0.206946,0.74359,1,Rural,Y
Male,No,Graduate,No,0.111515,0,0.340087,0.74359,1,Urban,N
Male,Yes,'Not Graduate',No,0.026357,0,0.150507,0.74359,1,Rural,N
Male,No,Graduate,No,0.038392,0,0.059334,0.74359,1,Urban,Y
Male,Yes,Graduate,No,0.492876,0,0.855282,0.358974,0,Semiurban,Y
Male,Yes,Graduate,No,0.072356,0,0.218524,0.74359,0.842199,Rural,Y
Male,Yes,Graduate,No,0.116116,0,0.257598,0.74359,1,Urban,Y
Male,No,Graduate,No,0.035003,0.049992,0.160637,0.74359,1,Rural,Y
Male,Yes,Graduate,No,0.05483,0.134999,0.356006,0.74359,1,Semiurban,Y
Male,Yes,'Not Graduate',No,0.021187,0.024984,0.128799,0.74359,1,Semiurban,Y
Male,Yes,Graduate,No,0.096265,0,0.384949,0.74359,1,Urban,N
Male,Yes,Graduate,No,0.036351,0.03072,0.162084,0.74359,0,Semiurban,N
Male,Yes,Graduate,No,0.049685,0.034728,0.21563,0.74359,1,Rural,Y
Male,Yes,Graduate,No,0.113457,0,0.095514,0.358974,1,Urban,Y
Male,Yes,Graduate,No,0.043995,0.075983,0.250362,0.705128,1,Rural,Y
Female,Yes,Graduate,No,0.05483,0,0.149059,0.74359,1,Rural,N
Male,Yes,Graduate,No,0.028312,0.079991,0.173661,0.74359,1,Rural,Y
Male,No,Graduate,No,0.025813,0,0.078148,1,0,Semiurban,N
Male,Yes,Graduate,No,0.097093,0,0.276411,0.74359,1,Semiurban,Y
Male,Yes,'Not Graduate',No,0.020656,0.042456,0.124457,0.74359,1,Rural,Y
Male,Yes,Graduate,No,0.63838,0,1,0.615385,1,Urban,Y
Male,Yes,'Not Graduate',No,0.041707,0,0.104197,0.358974,1,Rural,N
Male,Yes,Graduate,No,0.068745,0.134999,0.257598,0.74359,1,Semiurban,Y
Male,Yes,'Not Graduate',Yes,0.051874,0.017664,0.11288,0.74359,1,Semiurban,N
Male,Yes,Graduate,No,0.041398,0.047136,0.154848,0.74359,1,Rural,Y
Male,Yes,Graduate,No,0.023438,0.038856,0.13314,0.74359,1,Rural,Y
Male,Yes,Graduate,No,0.06637,0.271198,0.703329,0.74359,0,Semiurban,N
Male,Yes,Graduate,No,0.044527,0,0.154848,0.74359,1,Semiurban,Y
Male,No,'Not Graduate',No,0.027001,0.034824,0.134588,1,0,Urban,N
Male,Yes,Graduate,No,0.077304,0.173999,0.247467,0.74359,0,Urban,N
Male,No,Graduate,No,0.021843,0.121511,0.083936,0.74359,0.842199,Rural,N
Male,Yes,Graduate,No,0.05504,0,0.092619,0.358974,1,Semiurban,Y
Male,Yes,Graduate,No,0.416772,0,0.363242,0.74359,1,Semiurban,N
Female,Yes,Graduate,No,0.042981,0,0.143271,0.74359,1,Semiurban,Y
Male,Yes,Graduate,Yes,0.482338,0.113999,0.160637,0.74359,1,Semiurban,Y
Male,Yes,Graduate,Yes,0.025083,0,0.082489,0.615385,0,Rural,N
Male,Yes,Graduate,No,0.027619,0.051312,0.070912,0.74359,0.842199,Rural,Y
Male,Yes,Graduate,Yes,0.006481,0.127103,0.230101,0.74359,1,Rural,Y
Male,Yes,Graduate,No,0.113519,0,0.259045,0.358974,1,Rural,Y
Male,No,'Not Graduate',No,0.058565,0,0.05644,0.74359,1,Rural,Y
Male,No,Graduate,No,0.146568,0,0.224313,0.74359,1,Semiurban,N
Male,Yes,'Not Graduate',No,0.072764,0,0.218524,0.74359,1,Urban,N
Male,No,Graduate,No,0.045863,0,0.096961,0.74359,1,Semiurban,Y
Male,No,Graduate,No,0.049981,0,0.160637,0.74359,1,Rural,Y
Male,Yes,Graduate,No,0.036797,0.061992,0.232996,0.74359,1,Semiurban,N
Male,No,Graduate,No,0.101212,0.089999,0.257598,0.74359,1,Rural,Y
Female,No,'Not Graduate',No,0.021732,0.05676,0.160637,0.705128,1,Urban,Y
Female,Yes,Graduate,No,0.040396,0.067583,0.150507,0.74359,0.842199,Semiurban,Y
Male,No,Graduate,Yes,0.134199,0,0.107091,0.74359,1,Urban,N
Male,Yes,'Not Graduate',No,0.030303,0.06,0.117221,0.74359,1,Semiurban,Y
Male,No,Graduate,No,0.059035,0,0.227207,0.74359,0,Semiurban,Y
Male,Yes,'Not Graduate',No,0.04752,0,0.19886,0.358974,1,Urban,N
Male,Yes,'Not Graduate',No,0.041435,0.025992,0.182344,0.74359,1,Urban,Y
Male,Yes,'Not Graduate',No,0.046592,0,0.166425,0.74359,1,Semiurban,Y
Female,No,'Not Graduate',No,0.052665,0,0.160637,0.74359,1,Semiurban,Y
Female,No,Graduate,No,0.038268,0,0.10275,0.74359,1,Urban,Y
Male,No,'Not Graduate',No,0.04731,0.060744,0.06657,0.74359,1,Rural,Y
Male,No,Graduate,No,0.028806,0,0.072359,0.74359,1,Urban,Y
Male,No,Graduate,No,0.040421,0,0.170767,0.74359,1,Semiurban,N
Female,No,Graduate,No,0.121831,0,0.296671,0.74359,1,Semiurban,N
Male,Yes,Graduate,No,0.040569,0.03,0.172214,0.74359,0,Semiurban,N
Male,Yes,Graduate,Yes,0.094459,0,0.334298,0.74359,1,Urban,Y
Male,Yes,'Not Graduate',Yes,0.068683,0,0.175109,0.74359,1,Rural,Y
Male,Yes,Graduate,No,0.03739,0.072503,0.185239,0.74359,1,Urban,Y
Male,Yes,'Not Graduate',No,0.045764,0.023592,0.131693,0.74359,1,Semiurban,Y
Male,Yes,Graduate,No,0,0.0432,0.182344,0.74359,1,Rural,N
Male,Yes,Graduate,No,0.044242,0.0426,0.176556,0.74359,1,Semiurban,Y
Male,Yes,Graduate,No,0.059988,0,0.091172,0.74359,0,Semiurban,N
Female,Yes,Graduate,No,0.051119,0.057192,0.170767,0.74359,0.842199,Semiurban,Y
Male,Yes,Graduate,No,0.025615,0,0.073806,0.74359,0,Urban,N
Male,Yes,Graduate,No,0.04773,0.041208,0.154848,0.74359,1,Semiurban,Y
Male,No,Graduate,No,0.034892,0.066983,0.195369,0.74359,1,Semiurban,Y
Male,Yes,Graduate,No,0.091874,0.02424,0.240232,0.705128,1,Semiurban,Y
Male,Yes,Graduate,No,0.075448,0,0.172214,0.74359,1,Semiurban,Y
Male,Yes,Graduate,No,0.038343,0,0.232996,0.74359,1,Rural,N
Male,Yes,'Not Graduate',Yes,0.05671,0,0.186686,0.74359,1,Urban,N
Male,Yes,Graduate,No,0.075448,0.04068,0.290883,0.74359,1,Semiurban,Y
Male,Yes,Graduate,No,0.056994,0,0.21563,1,1,Semiurban,Y
Male,No,Graduate,Yes,0.077304,0,0.276411,0.74359,1,Rural,Y
Male,Yes,Graduate,No,0.028955,0.049296,0.137482,0.74359,1,Semiurban,Y
Male,Yes,Graduate,No,0.044106,0,0.047757,0.358974,1,Rural,Y
Male,No,'Not Graduate',No,0.037588,0.062352,0.160637,0.705128,1,Rural,Y
Female,No,Graduate,No,0.101212,0,0.392185,0.74359,1,Semiurban,Y
Male,Yes,Graduate,No,0.037168,0.042696,0.18958,0.74359,1,Semiurban,Y
Male,Yes,Graduate,No,0.066172,0.03024,0.232996,0.74359,1,Rural,Y
Male,Yes,Graduate,No,0.069215,0,0.356006,0.74359,0.842199,Urban,N
Female,No,Graduate,Yes,0.040977,0,0.163531,0.74359,0.842199,Urban,Y
Female,No,Graduate,No,0.045294,0,0.149059,0.74359,1,Rural,Y
Male,Yes,Graduate,No,0.039147,0,0.125904,0.74359,1,Semiurban,Y
Male,Yes,Graduate,No,0.070118,0.119999,0.160637,0.74359,1,Rural,Y
Male,Yes,'Not Graduate',No,0.02919,0.047592,0.18958,0.358974,1,Urban,N
Male,No,Graduate,No,0.034818,0.136823,0.211288,0.102564,1,Urban,Y
Male,Yes,Graduate,Yes,0.075448,0.0312,0.143271,0.74359,1,Rural,Y
Male,Yes,'Not Graduate',No,0.040272,0.106007,0.164978,0.74359,1,Semiurban,Y
Male,No,Graduate,Yes,0.072975,0.103991,0.160637,0.358974,1,Urban,N
Male,Yes,Graduate,No,0.118157,0,0.149059,0.74359,1,Urban,Y
Male,Yes,'Not Graduate',No,0.079876,0,0.185239,0.358974,1,Urban,Y
Male,Yes,Graduate,No,0.033791,0.044232,0.164978,1,1,Semiurban,Y
Male,Yes,Graduate,No,0.020519,0.044832,0.117221,0.74359,1,Urban,Y
Male,Yes,'Not Graduate',No,0.018776,0.093359,0.277858,0.74359,0,Semiurban,N
Female,No,Graduate,No,0.040532,0,0.186686,0.74359,1,Urban,N
Male,No,'Not Graduate',Yes,0.030093,0.052008,0.137482,0.74359,1,Rural,Y
Male,Yes,'Not Graduate',No,0.031058,0.170423,0.390738,0.358974,1,Semiurban,Y
Male,No,Graduate,Yes,0.199134,0,0.264834,0.74359,0,Urban,N
Female,No,Graduate,No,0.036277,0,0.356006,0.74359,1,Rural,Y
Male,No,'Not Graduate',No,0.072913,0,0.153401,0.74359,0,Rural,N
Male,Yes,Graduate,No,0.06308,0,0.12301,0.74359,1,Urban,N
Male,Yes,Graduate,No,0.179753,0.0504,0.426918,0.74359,1,Rural,N
Male,Yes,'Not Graduate',No,0.059134,0,0.172214,0.74359,0.842199,Semiurban,N
Male,Yes,Graduate,No,0.073383,0.101999,0.464544,0.74359,0.842199,Urban,Y
Male,No,Graduate,No,0.023624,0.053016,0.180897,0.74359,1,Semiurban,Y
Female,No,Graduate,No,0.0412,0,0.211288,0.051282,1,Semiurban,N
Female,No,Graduate,No,0.087199,0,0.160637,0.74359,1,Rural,Y
Male,No,Graduate,Yes,0.062041,0,0.172214,0.74359,1,Semiurban,Y
Male,No,Graduate,No,0.048794,0.082727,0.205499,0.74359,1,Rural,Y
Male,Yes,Graduate,No,0.056376,0.033288,0.204052,0.74359,1,Semiurban,Y
Male,Yes,Graduate,No,0.051738,0.043464,0.218524,0.74359,0,Urban,Y
Female,No,Graduate,No,0.040421,0,0.182344,0.74359,1,Rural,N
Female,No,Graduate,No,0.033717,0.03744,0.117221,0.74359,1,Urban,Y
Female,No,Graduate,No,0.038182,0,0.030391,0.74359,1,Urban,Y
Male,Yes,Graduate,No,0.136005,0,0.183792,0.74359,1,Urban,Y
Male,No,Graduate,No,0.033185,0.044568,0.16932,0.74359,1,Rural,Y
Male,Yes,Graduate,No,0.03055,0.053352,0.204052,0.74359,1,Semiurban,Y
Male,Yes,Graduate,No,0.046382,0,0.117221,0.74359,1,Semiurban,Y
Male,Yes,Graduate,No,0.032158,0.044208,0.153401,0.74359,1,Semiurban,Y
Male,Yes,Graduate,No,0.047532,0.078575,0.286541,0.74359,1,Semiurban,Y
Male,Yes,Graduate,No,0.036524,0.0312,0.10275,0.74359,1,Urban,Y
Male,Yes,Graduate,No,0.178516,0,0.617945,0.74359,1,Semiurban,Y
Female,Yes,'Not Graduate',No,0.048856,0,0.166425,0.74359,0.842199,Rural,Y
Male,No,'Not Graduate',Yes,0.048275,0.058224,0.21563,0.74359,0,Urban,N
Male,Yes,Graduate,No,0.046716,0.0192,0.149059,0.74359,1,Semiurban,Y
Male,Yes,Graduate,No,0.026605,0.023659,0.099855,0.358974,1,Urban,Y
Female,No,Graduate,No,0.020544,0.039984,0.065123,0.74359,1,Urban,Y
Male,Yes,Graduate,No,0.253766,0,0.19886,0.74359,1,Rural,N
Male,No,Graduate,No,0.037205,0.073271,0.115774,0.74359,1,Rural,Y
Female,No,Graduate,Yes,0.030303,0.041208,0.130246,0.615385,1,Semiurban,N
Male,Yes,Graduate,No,0.043958,0.048,0.160637,0.74359,1,Rural,Y
Female,No,Graduate,No,0.049153,0,0.153401,0.74359,1,Semiurban,Y
Male,No,Graduate,No,0.115745,0,0.257598,0.74359,1,Rural,Y
Male,Yes,Graduate,No,0.036178,0.057984,0.188133,0.74359,1,Rural,Y
Male,Yes,Graduate,No,0.052566,0,0.170767,0.74359,0,Semiurban,N
Male,Yes,Graduate,No,0.037143,0.03744,0.180897,0.74359,1,Urban,Y
Female,No,Graduate,No,0.065145,0,0.193922,1,0,Urban,N
Male,Yes,Graduate,No,0.027619,0.080015,0.23589,0.74359,1,Semiurban,Y
Male,Yes,Graduate,No,0.052764,0.03,0.146165,0.74359,1,Urban,Y
Male,Yes,Graduate,No,0.083179,0,0.276411,0.74359,1,Semiurban,Y
Female,Yes,Graduate,No,0.055857,0,0.182344,0.74359,1,Urban,Y
Female,No,Graduate,No,0.059988,0.060984,0.205499,1,1,Rural,N
Male,Yes,Graduate,No,0.023055,0.070199,0.150507,0.74359,1,Urban,N
Male,Yes,'Not Graduate',No,0.020408,0.070415,0.121563,0.74359,0,Urban,N
Male,Yes,'Not Graduate',No,0.033704,0.042,0.138929,0.74359,1,Semiurban,Y
Female,No,Graduate,No,0.059988,0,0.178003,0.74359,1,Rural,Y
Male,Yes,Graduate,No,0.018244,0.043272,0.125904,0.74359,1,Urban,Y
Male,No,Graduate,No,0.047619,0.06,0.18958,0.74359,1,Rural,Y
Male,No,'Not Graduate',No,0.022882,0,0.19886,0.74359,1,Urban,N
Female,No,Graduate,No,0.044675,0.039984,0.182344,0.74359,1,Rural,Y
Female,No,Graduate,No,0.027829,0.044712,0.137482,0.74359,0,Urban,N
Male,No,Graduate,No,0.248398,0,0.681621,0.74359,1,Rural,N
Male,Yes,'Not Graduate',No,0.092975,0,0.254703,0.74359,0.842199,Rural,Y
Female,No,Graduate,No,0.034224,0,0.108538,0.74359,1,Semiurban,Y
Male,No,'Not Graduate',No,0.034348,0.05772,0.147612,0.74359,1,Semiurban,Y
Female,No,Graduate,No,0.029153,0,0.068017,0.74359,1,Rural,Y
Male,Yes,Graduate,Yes,0.069215,0,0.195369,0.153846,0.842199,Rural,Y
Male,Yes,Graduate,No,0.028732,0.044232,0.217077,0.74359,1,Rural,N
Male,Yes,'Not Graduate',No,0.040186,0.03936,0.147612,0.358974,1,Urban,Y
Male,Yes,Graduate,No,0.044119,0,0.160637,0.74359,1,Semiurban,Y
Male,Yes,Graduate,No,0.023599,0.051216,0.114327,0.74359,0.842199,Urban,Y
Female,No,Graduate,No,0.041942,0,0.149059,0.74359,0.842199,Semiurban,Y
Male,Yes,Graduate,Yes,0.121831,0,0.211288,0.74359,1,Rural,N
Male,Yes,Graduate,No,0.027829,0.052008,0.153401,0.74359,1,Semiurban,Y
Male,Yes,Graduate,No,0.051849,0.004536,0.166425,0.74359,1,Semiurban,Y
Male,Yes,'Not Graduate',No,0.042684,0.03816,0.19886,0.74359,1,Rural,Y
Female,No,Graduate,No,0.037304,0.071639,0.178003,0.74359,0.842199,Rural,Y
Male,Yes,Graduate,No,0.183673,0,0.421129,0.74359,1,Rural,Y
Male,Yes,Graduate,Yes,0.105331,0.119591,0.531114,0.74359,0,Rural,N
Male,No,Graduate,No,0.058961,0,0.175109,0.74359,0,Rural,Y
Male,Yes,Graduate,Yes,0.070105,0.05184,0.253256,0.74359,1,Semiurban,Y
Female,Yes,Graduate,No,0.051738,0.058824,0.146165,0.74359,1,Urban,N
Female,No,Graduate,No,0.029066,0,0.083936,0.74359,1,Urban,Y
Male,No,Graduate,No,0.052369,0.043032,0.156295,0.74359,1,Urban,Y
Male,No,Graduate,No,0.034447,0,0.128799,0.74359,1,Semiurban,Y
Male,No,Graduate,No,0.033185,0,0.089725,0.74359,1,Urban,Y
Male,Yes,Graduate,No,0.781534,0,0.696093,0.358974,1,Urban,Y
Male,Yes,Graduate,Yes,0.119765,0.043992,0.250362,0.358974,1,Urban,Y
Male,Yes,Graduate,Yes,0.066209,0.107759,0.088278,0.705128,1,Semiurban,Y
Male,Yes,Graduate,No,0.06308,0.016512,0.218524,0.74359,1,Rural,Y
Male,Yes,Graduate,Yes,0.029066,0.110399,0.241679,0.74359,1,Rural,Y
Female,No,'Not Graduate',No,0.020779,0,0.19886,0.74359,0,Urban,N
Female,No,Graduate,No,0.049598,0,0.089725,0.74359,1,Semiurban,Y
Male,Yes,'Not Graduate',No,0.030884,0.038088,0.237337,0.74359,1,Rural,N
Female,No,Graduate,No,0.027557,0,0.053546,0.74359,1,Rural,N
Male,Yes,'Not Graduate',No,0.054471,0.029496,0.21563,0.74359,1,Urban,Y
Male,Yes,'Not Graduate',No,0.03739,0,0.094067,0.74359,1,Semiurban,Y
Male,Yes,Graduate,No,0.030093,0.05592,0.167873,0.74359,1,Rural,Y
Male,Yes,Graduate,No,0.029054,0.058992,0.218524,0.74359,1,Semiurban,Y
Male,Yes,'Not Graduate',No,0.041719,0.077519,0.206946,0.74359,0,Rural,N
Male,Yes,'Not Graduate',No,0.036277,0.052032,0.16932,0.74359,1,Urban,Y
Male,Yes,Graduate,No,0.076475,0.109991,0.361795,0.74359,0.842199,Semiurban,Y
Male,Yes,Graduate,No,0.030612,0.149999,0.257598,0.74359,1,Rural,Y
Male,Yes,Graduate,No,0.110489,0,0.316932,0.74359,1,Semiurban,Y
Male,No,Graduate,No,0.10637,0.100007,0.432706,0.74359,1,Rural,N
Male,Yes,Graduate,No,0.031119,0.049992,0.124457,0.74359,1,Rural,Y
Female,Yes,Graduate,Yes,0.066172,0,0.138929,0.74359,0,Rural,N
Female,Yes,Graduate,No,0.028114,0.01212,0.175109,0.74359,1,Semiurban,Y
Female,No,Graduate,No,0.045306,0,0.154848,0.358974,1,Urban,Y
Male,Yes,Graduate,No,0.101212,0.076007,0.22576,0.74359,1,Rural,Y
Male,Yes,Graduate,No,0.046073,0,0.083936,0.74359,1,Urban,N
Male,Yes,'Not Graduate',No,0.03525,0.039984,0.131693,1,0,Urban,N
Male,Yes,Graduate,No,0.062053,0.076007,0.276411,0.74359,1,Semiurban,Y
Female,No,Graduate,No,0.056562,0,0.104197,0.74359,1,Semiurban,N
Male,Yes,Graduate,No,0.059988,0.088007,0.328509,0.74359,1,Semiurban,Y
Male,Yes,Graduate,No,0.056895,0.055992,0.175109,0.74359,1,Urban,Y
Male,Yes,Graduate,No,0.035411,0.072791,0.124457,0.615385,0.842199,Urban,Y
Male,No,Graduate,Yes,0.082523,0,0.191027,0.74359,1,Rural,Y
Male,No,'Not Graduate',No,0.075028,0,0.17945,0.74359,1,Rural,N
Male,No,Graduate,No,0.029066,0,0.125904,1,1,Semiurban,N
Male,No,Graduate,No,0.061521,0,0.166425,0.705128,0,Rural,N
Male,Yes,Graduate,No,0.076376,0,0.240232,0.74359,1,Semiurban,Y
Male,Yes,Graduate,No,0.242177,0.126383,0.811867,0.74359,1,Rural,N
Female,No,Graduate,Yes,0.193061,0,0.06657,0.74359,1,Semiurban,Y
Male,Yes,Graduate,No,0.062276,0,0.211288,0.74359,1,Semiurban,Y
Male,Yes,Graduate,Yes,0.113457,0.18895,0.536903,0.615385,1,Rural,Y
Male,No,Graduate,No,0.036017,0.047688,0.147612,0.358974,0,Urban,N
Female,No,Graduate,No,0.032331,0.035016,0.146165,0.74359,1,Urban,Y
Male,Yes,Graduate,No,0.057724,0.022152,0.160637,0.358974,1,Urban,Y
Male,Yes,Graduate,No,0.10637,0.119903,0.175109,0.74359,1,Rural,Y
Male,Yes,Graduate,No,0.051453,0,0.175109,0.74359,0.842199,Semiurban,Y
Male,No,Graduate,No,0.036104,0,0.089725,1,1,Urban,N
Male,Yes,Graduate,No,0.064824,0,0.175109,0.74359,1,Urban,Y
Male,Yes,Graduate,No,0.039369,0.06,0.172214,0.74359,1,Semiurban,Y
Male,No,Graduate,No,0.071626,0.101567,0.41534,0.74359,1,Semiurban,Y
Female,No,Graduate,No,0.072356,0,0.212735,0.74359,1,Urban,Y
Male,No,Graduate,Yes,0.08679,0,0.172214,0.74359,1,Urban,Y
Male,Yes,Graduate,No,0.05462,0,0.131693,0.74359,1,Urban,N
Male,No,Graduate,No,0.0435,0,0.150507,0.358974,1,Urban,Y
Male,No,'Not Graduate',No,0.027161,0.0384,0.178003,0.74359,1,Semiurban,Y
Male,Yes,'Not Graduate',No,0.035374,0.075263,0.19886,0.74359,0,Urban,N
Male,Yes,Graduate,No,0.027001,0.058008,0.183792,0.74359,1,Urban,Y
Male,Yes,Graduate,No,0.066024,0,0.167873,0.74359,1,Rural,Y
Male,No,Graduate,No,0.111528,0,0.254703,0.74359,1,Rural,Y
Male,Yes,Graduate,No,0.115696,0,0.384949,0.74359,1,Rural,Y
Male,Yes,Graduate,No,0.030093,0.05076,0.160637,0.74359,0.842199,Urban,Y
Male,Yes,'Not Graduate',No,0.022795,0.039,0.150507,0.358974,1,Semiurban,Y
Male,Yes,Graduate,No,0.036487,0.0336,0.150507,0.74359,1,Urban,Y
Male,Yes,Graduate,No,0.038664,0.011616,0.182344,0.74359,0.842199,Semiurban,Y
Female,No,Graduate,No,0.037477,0,0.089725,0.74359,0,Urban,N
Male,Yes,Graduate,No,0.035659,0.035016,0.124457,0.74359,1,Urban,Y
Male,No,'Not Graduate',No,0.046407,0.039984,0.144718,0.74359,1,Rural,Y
Female,No,Graduate,No,0.016698,0.0432,0.136035,0.74359,0,Semiurban,N
Male,Yes,'Not Graduate',No,0.033878,0,0.052098,0.358974,0,Urban,N
Male,No,'Not Graduate',No,0.03222,0,0.081042,0.615385,1,Rural,N
Male,No,Graduate,No,0.029066,0.479996,0.136035,0.74359,1,Semiurban,Y
Female,No,'Not Graduate',No,0.022424,0,0.063676,0.74359,1,Semiurban,Y
Female,No,Graduate,Yes,0.090179,0,0.267728,0.74359,1,Rural,N
Female,No,Graduate,No,0.054385,0,0.153401,0.74359,1,Semiurban,Y
Male,Yes,'Not Graduate',No,0.024947,0.0576,0.153401,0.74359,1,Urban,Y
Female,No,'Not Graduate',No,0.025516,0,0.082489,0.74359,1,Rural,Y
Male,Yes,Graduate,No,0.100804,0,0.206946,0.615385,0,Semiurban,N
Male,Yes,Graduate,No,1,0,0.507959,0.74359,0,Rural,N
Female,No,'Not Graduate',Yes,0.045974,0,0.0767,0.74359,1,Semiurban,N
Male,Yes,Graduate,No,0.075523,0,0.218524,0.74359,0.842199,Urban,Y
Male,Yes,'Not Graduate',No,0.073544,0,0.30246,0.74359,0,Rural,N
Male,Yes,'Not Graduate',No,0.026011,0.048792,0.146165,0.74359,1,Rural,Y
Female,Yes,'Not Graduate',No,0.024725,0.077687,0.244573,0.74359,0,Semiurban,N
Female,No,Graduate,No,0.035189,0,0.073806,0.74359,1,Urban,Y
Female,No,Graduate,No,0.030303,0,0.218524,0.74359,1,Urban,N
Male,Yes,Graduate,Yes,0.017934,0.479996,0.332851,0.74359,1,Urban,N
Male,Yes,Graduate,No,0.010823,0.066551,0.149059,0.74359,1,Rural,Y
Male,Yes,Graduate,No,0.038293,0.034008,0.186686,0.74359,1,Semiurban,Y
Male,Yes,Graduate,No,0.070241,0,0.186686,0.74359,1,Rural,Y
Female,No,'Not Graduate',No,0.031787,0,0.10275,0.705128,0,Urban,N
Male,Yes,Graduate,No,0.020656,0.041256,0.131693,0.74359,1,Urban,Y
Male,Yes,Graduate,No,0.087817,0.040008,0.146165,0.705128,0,Urban,N
Male,Yes,Graduate,No,0.182189,0,0.125904,0.74359,1,Semiurban,Y
Male,Yes,Graduate,No,0.031119,0.103199,0.162084,0.74359,1,Rural,Y
Female,No,'Not Graduate',No,0.055114,0,0.104197,0.74359,1,Rural,N
Male,Yes,Graduate,No,0.071552,0,0.17945,0.74359,1,Semiurban,Y
Male,Yes,Graduate,No,0.034261,0.000387,0.11288,0.74359,1,Rural,Y
Male,No,'Not Graduate',No,0.03175,0,0.073806,0.358974,1,Urban,Y
Female,No,Graduate,Yes,0.104811,0,0.204052,0.74359,1,Semiurban,Y
Male,No,Graduate,No,0.078541,0,0.138929,0.74359,0,Rural,N
Male,No,Graduate,No,0.157403,0,0.573082,0.74359,1,Semiurban,Y
Male,Yes,Graduate,No,0.028139,0.05616,0.193922,0.74359,1,Semiurban,Y
Male,No,Graduate,No,0.044527,0,0.131693,0.74359,1,Urban,Y
Female,Yes,Graduate,No,0.122412,0,0.19886,0.487179,1,Semiurban,Y
Male,No,Graduate,No,0.021967,0.044424,0.059334,0.74359,1,Semiurban,Y
Male,Yes,Graduate,No,0.025516,0.027,0.19886,0.74359,1,Urban,Y
Male,No,Graduate,Yes,0.126976,0,0.257598,0.74359,0,Urban,N
Female,Yes,'Not Graduate',Yes,0.086481,0,0.186686,0.74359,1,Rural,Y
Male,No,Graduate,No,0.043414,0.121535,0.257598,0.74359,1,Semiurban,Y
Male,Yes,Graduate,No,0.095869,0.043992,0.247467,0.74359,1,Rural,Y
Male,No,'Not Graduate',No,0.056364,0.047832,0.201158,0.74359,1,Semiurban,Y
Male,No,Graduate,No,0.464675,0,0.206946,0.74359,1,Semiurban,Y
Male,Yes,Graduate,No,0.088844,0.19999,0.240232,0.615385,0.842199,Rural,Y
Male,Yes,Graduate,Yes,0.041014,0.02904,0.175109,0.74359,1,Rural,Y
Male,Yes,'Not Graduate',No,0.055683,0,0.146165,0.74359,1,Rural,Y
Male,Yes,Graduate,No,0.041917,0.033024,0.06657,0.74359,1,Rural,N
Male,Yes,Graduate,No,0.039456,0.04104,0.204052,0.74359,0,Rural,N
Male,No,'Not Graduate',Yes,0.032393,0.037008,0.261939,0.74359,0.842199,Semiurban,N
Male,Yes,'Not Graduate',No,0.026704,0.03012,0.167873,0.74359,0,Rural,N
Male,Yes,'Not Graduate',No,0.022362,0.034944,0.073806,0.615385,0.842199,Urban,Y
Male,Yes,Graduate,No,0.046976,0.041592,0.202605,0.74359,0,Rural,N
Male,Yes,Graduate,No,0.028856,0.059184,0.117221,0.358974,0,Rural,Y
Male,No,Graduate,Yes,0.085776,0,0.108538,0.74359,1,Semiurban,Y
Male,Yes,Graduate,No,0.045875,0,0.125904,0.74359,1,Semiurban,Y
Male,Yes,Graduate,No,0.051342,0,0.157742,0.74359,1,Urban,Y
Male,Yes,Graduate,No,0.044007,0.061656,0.237337,0.74359,1,Urban,N
Male,No,Graduate,No,0.051998,0,0.183792,0.74359,1,Rural,Y
Male,Yes,Graduate,No,0.101224,0,0.218524,0.74359,1,Semiurban,N
Male,Yes,Graduate,Yes,0.023908,0.097991,0.218524,0.74359,0.842199,Semiurban,Y
Male,Yes,Graduate,No,0.093878,0,0.172214,0.358974,1,Urban,Y
Male,Yes,Graduate,No,0.035436,0.052512,0.208394,0.74359,1,Rural,Y
Female,No,'Not Graduate',No,0.06235,0,0.178003,0.74359,1,Semiurban,Y
Male,No,Graduate,No,0.049672,0,0.128799,0.74359,0,Semiurban,N
Male,No,Graduate,No,0.072356,0,0.18958,0.74359,1,Rural,Y
Male,Yes,'Not Graduate',No,0.034595,0.039936,0.088278,0.358974,0,Urban,N
Male,Yes,Graduate,No,0.204601,0,0.146165,0.74359,1,Semiurban,Y
Female,Yes,'Not Graduate',No,0.000742,0.070007,0.128799,0.74359,1,Semiurban,Y
Male,Yes,Graduate,No,0.051738,0.058824,0.146165,0.74359,1,Urban,N
Male,Yes,Graduate,Yes,0.040816,0.049896,0.221418,0.74359,1,Semiurban,Y
Male,Yes,'Not Graduate',No,0.030959,0.036,0.150507,0.358974,0,Rural,N
Male,Yes,Graduate,No,0.056166,0,0.131693,0.74359,1,Semiurban,Y
Female,No,Graduate,Yes,0.029066,0,0.121563,0.74359,0.842199,Urban,Y
Male,No,Graduate,No,0.066568,0.111551,0.221418,0.74359,1,Rural,Y
Male,Yes,Graduate,Yes,0.202536,0.024336,0.204052,0.74359,1,Rural,Y
Male,Yes,Graduate,No,0.081014,0.042,0.319826,0.615385,1,Semiurban,Y
Male,Yes,Graduate,No,0.03368,0.044928,0.178003,0.74359,0,Semiurban,N
Male,Yes,Graduate,Yes,0.204292,0.054,0.111433,0.74359,1,Semiurban,Y
Male,Yes,Graduate,No,0.034595,0.038472,0.19886,0.74359,1,Urban,N
Female,No,'Not Graduate',No,0.051948,0,0.209841,0.74359,1,Rural,Y
Male,Yes,'Not Graduate',No,0.036425,0,0.150507,0.74359,1,Rural,Y
Male,Yes,Graduate,No,0.023908,0.075599,0.172214,0.74359,1,Semiurban,Y
Male,Yes,Graduate,No,0.132134,0,0.325615,0.74359,1,Semiurban,Y
Male,Yes,Graduate,No,0.101212,0,0.342981,0.74359,1,Semiurban,Y
Male,Yes,'Not Graduate',No,0.022362,0.058464,0.176556,0.74359,1,Rural,Y
Male,No,Graduate,No,0.042016,0,0.10275,0.74359,0,Rural,N
Male,Yes,Graduate,No,0.224898,0,0.710564,0.74359,1,Urban,N
Male,Yes,Graduate,Yes,0.05483,0.049992,0.218524,0.74359,1,Semiurban,Y
Male,No,Graduate,No,0.028262,0,0.095514,0.74359,1,Urban,N
Male,No,'Not Graduate',No,0.031528,0.066839,0.125904,0.74359,0.842199,Semiurban,Y
Male,Yes,'Not Graduate',No,0.064106,0.027144,0.256151,0.74359,0.842199,Urban,Y
Male,No,'Not Graduate',No,0.043797,0,0.146165,0.74359,1,Rural,Y
Female,No,'Not Graduate',Yes,0.211664,0,0.31259,0.74359,1,Semiurban,Y
Male,Yes,Graduate,No,0.042635,0.051768,0.15919,0.74359,0,Rural,N
Female,Yes,Graduate,No,0.039283,0.021912,0.138929,0.153846,1,Semiurban,Y
Male,Yes,'Not Graduate',No,0.030303,0.0408,0.141823,0.74359,1,Rural,Y
Male,Yes,Graduate,No,0.055349,0.068567,0.147612,0,0.842199,Urban,Y
Male,Yes,Graduate,Yes,0.033952,0,0.124457,0.74359,1,Semiurban,Y
Male,No,Graduate,No,0.075857,0.105983,0.289436,0.74359,0,Rural,N
Female,No,Graduate,No,0.006122,0.088391,0.150507,1,1,Rural,Y
Female,No,Graduate,No,0.037217,0,0.131693,0.74359,1,Semiurban,Y
Male,Yes,Graduate,No,0.058318,0.134975,0.287988,0.74359,1,Semiurban,Y
Male,Yes,'Not Graduate',No,0.048237,0.127247,0.186686,0.74359,0.842199,Rural,N
Male,Yes,'Not Graduate',No,0.045318,0.035592,0.166425,0.615385,1,Semiurban,Y
Male,Yes,Graduate,No,0.041558,0.105983,0.33864,0.74359,1,Rural,Y
Male,Yes,Graduate,No,0.255819,0.160007,0.681621,0.74359,0.842199,Urban,Y
Male,No,Graduate,No,0.042461,0,0.125904,0.74359,1,Urban,N
Male,Yes,Graduate,Yes,0.028806,0.072311,0.259045,0.74359,1,Urban,Y
Female,No,Graduate,No,0.162177,0,0.044863,0.74359,1,Urban,Y
Male,No,'Not Graduate',No,0.042647,0.030888,0.131693,0.74359,1,Rural,N
Male,Yes,Graduate,No,0.07316,0.048096,0.34877,0.74359,1,Semiurban,Y
Male,Yes,Graduate,No,0.038751,0.04884,0.201158,0.74359,1,Urban,Y
Male,Yes,Graduate,No,0.02449,0.159983,0.088278,0.358974,1,Semiurban,N
Male,No,Graduate,No,0.070068,0.087983,0.437048,0.74359,1,Rural,N
Male,Yes,Graduate,No,0.041014,0.082271,0.204052,0.74359,1,Rural,Y
Female,Yes,Graduate,No,0.023265,0.039168,0.150507,1,1,Semiurban,Y
Male,Yes,'Not Graduate',No,0.036166,0.0432,0.164978,0.74359,0,Semiurban,N
Male,No,Graduate,No,0.056067,0.04596,0.254703,0.74359,1,Semiurban,N
Female,No,'Not Graduate',No,0.040198,0,0.124457,0.74359,1,Rural,N
Male,Yes,'Not Graduate',No,0.025257,0.041808,0.052098,0.74359,1,Semiurban,Y
Male,No,Graduate,No,0.029066,0,0.06657,0.74359,1,Semiurban,Y
Male,Yes,Graduate,Yes,0.068361,0.034176,0.131693,0.74359,1,Rural,Y
Male,Yes,Graduate,Yes,0.09645,0.171983,0.681621,0.74359,1,Rural,Y
Male,No,Graduate,No,0.05603,0.050088,0.19886,0.74359,1,Semiurban,N
Male,Yes,Graduate,Yes,0.214595,0,0.565847,0.74359,1,Rural,Y
Male,Yes,Graduate,No,0.044836,0,0.146165,0.74359,1,Semiurban,Y
Male,Yes,'Not Graduate',No,0.063513,0.03432,0.219971,0.74359,0,Semiurban,Y
Male,No,'Not Graduate',No,0.03128,0.031248,0.12301,0.74359,1,Semiurban,Y
Male,No,'Not Graduate',No,0.082041,0,0.175109,0.74359,1,Semiurban,Y
Male,Yes,Graduate,No,0.010823,0.131999,0.299566,0.74359,0.842199,Rural,Y
Male,Yes,Graduate,No,0.051095,0,0.131693,0.74359,1,Urban,Y
Male,No,Graduate,No,0.042523,0,0.146165,0.74359,0,Rural,N
Male,No,Graduate,No,0.137291,0,0.270622,0.74359,0.842199,Semiurban,N
Female,No,'Not Graduate',Yes,0.22282,0,0.167873,0.74359,1,Urban,Y
Male,No,'Not Graduate',No,0.029685,0.049008,0.16932,0.74359,1,Rural,Y
Male,Yes,Graduate,No,0.074001,0.093743,0.455861,0.74359,1,Urban,Y
Male,No,Graduate,No,0.042882,0,0.141823,0.74359,1,Semiurban,Y
Male,Yes,'Not Graduate',No,0.034224,0.012864,0.082489,0.74359,1,Rural,N
Male,Yes,Graduate,No,0.077514,0,0.214182,0.358974,1,Rural,Y
Female,Yes,Graduate,No,0.055139,0.068279,0.18958,0.358974,1,Semiurban,Y
Female,No,Graduate,No,0.024589,0,0.130246,0.74359,0,Semiurban,N
Female,No,Graduate,No,0.043315,0,0.124457,0.74359,1,Semiurban,Y
Male,Yes,'Not Graduate',No,0.025838,0.060576,0.172214,0.74359,1,Urban,Y
Female,Yes,'Not Graduate',No,0.035461,0.015912,0.134588,0.74359,0.842199,Semiurban,Y
Male,Yes,Graduate,No,0.032381,0.0468,0.211288,0.74359,1,Rural,Y
Male,No,'Not Graduate',No,0.039678,0,0.10275,0.051282,1,Semiurban,N
Male,No,Graduate,No,0.029388,0.042792,0.196816,0.74359,1,Rural,Y
Female,No,Graduate,No,0.059988,0,0.136035,0.74359,0,Semiurban,N
Male,Yes,Graduate,No,0.032591,0.048384,0.146165,0.74359,1,Rural,Y
Male,Yes,Graduate,Yes,0.080186,0,0.19886,0.74359,0,Rural,N
Male,Yes,'Not Graduate',No,0.028967,0.057,0.19886,0.74359,1,Rural,Y
Male,Yes,Graduate,No,0.039369,0.077999,0.21563,0.74359,1,Urban,Y
Male,Yes,'Not Graduate',No,0.028497,0.055992,0.248915,0.74359,0,Urban,N
Male,Yes,Graduate,No,0.042585,0.102383,0.178003,0.358974,0,Rural,N
Male,Yes,Graduate,No,0.065776,0.024768,0.024602,0.74359,1,Semiurban,Y
Female,No,Graduate,No,0.031132,0.039,0.108538,0.74359,0.842199,Urban,Y
Male,Yes,Graduate,Yes,0.12355,0,0.363242,0.74359,1,Semiurban,Y
Male,Yes,Graduate,No,0.046221,0.064055,0.221418,0.74359,1,Semiurban,Y
Female,Yes,Graduate,No,0.049845,0.055344,0.250362,0.74359,1,Semiurban,Y
Male,Yes,'Not Graduate',No,0.043599,0.005808,0.143271,0.74359,1,Semiurban,Y
Female,Yes,Graduate,Yes,0.239134,0,0.855282,0.74359,1,Semiurban,Y
Male,Yes,Graduate,No,0.071404,0.049296,0.29233,0.74359,1,Rural,Y
Male,No,'Not Graduate',Yes,0.069882,0,0.178003,0.74359,1,Semiurban,Y
Male,Yes,Graduate,No,0.106976,0,0.360347,0.74359,0,Urban,N
Male,Yes,'Not Graduate',No,0.053395,0,0.160637,0.74359,0.842199,Rural,Y
Male,No,Graduate,No,0.039369,0,0.088278,0.74359,1,Urban,Y
Male,Yes,Graduate,No,0.040198,0.06,0.164978,0.74359,0,Rural,N
Female,No,Graduate,No,0.027557,0,0,0.74359,1,Urban,N
Male,Yes,Graduate,No,0.037304,0.049536,0.137482,0.74359,0,Urban,N
Male,Yes,Graduate,No,0.040408,0.042,0.256151,0.74359,1,Urban,Y
Male,Yes,Graduate,No,0.061422,0.034824,0.22576,0.74359,0,Urban,N
Male,Yes,Graduate,No,0.20428,0,0.384949,0.74359,1,Urban,Y
Male,Yes,'Not Graduate',No,0.073902,0.039,0.257598,1,1,Semiurban,N
Male,Yes,Graduate,No,0.077378,0,0.204052,0.74359,1,Semiurban,N
Male,Yes,Graduate,No,0.037217,0.011064,0.143271,0.153846,1,Urban,Y
Male,Yes,Graduate,No,0.036327,0.05304,0.183792,0.74359,0,Semiurban,N
Male,No,Graduate,No,0.038083,0.065735,0.146165,0.74359,1,Urban,Y
Male,Yes,Graduate,No,0.020186,0.053568,0.141823,0.74359,1,Rural,Y
Male,No,Graduate,No,0.037502,0.070007,0.219971,0.74359,1,Urban,Y
Male,Yes,Graduate,No,0.079035,0,0.283647,0.74359,1,Semiurban,Y
Male,No,Graduate,No,0.020853,0.812082,0.117221,0.74359,1,Urban,N
Female,Yes,Graduate,No,0.037304,0,0.039074,0.74359,1,Semiurban,Y
Male,Yes,Graduate,No,0.021398,0,0.075253,0.74359,0.842199,Rural,N
Male,Yes,Graduate,No,0.032616,0.046008,0.198263,0.74359,0,Rural,N
Male,Yes,Graduate,No,0.051119,0.071999,0.23589,0.153846,1,Rural,N
Male,Yes,Graduate,No,0.026555,0.036528,0.137482,0.74359,1,Urban,Y
Female,No,'Not Graduate',No,0.024923,0,0.088278,0.74359,1,Semiurban,Y
Male,No,Graduate,No,0.056895,0,0.12301,0.74359,1,Semiurban,Y
Male,Yes,Graduate,Yes,0.031861,0,0.140376,0.74359,0,Semiurban,N
Male,Yes,Graduate,No,0.03525,0.081983,0.068017,0.358974,1,Semiurban,Y
Male,Yes,Graduate,Yes,0.072356,0,0.283647,0.487179,1,Semiurban,N
Male,No,Graduate,Yes,0.113878,0,0.409551,0.74359,1,Semiurban,Y
Male,Yes,Graduate,No,0.045875,0.079199,0.192475,0.358974,1,Rural,Y
Male,Yes,Graduate,Yes,0.197526,0,0.363242,0.74359,1,Urban,Y
Male,No,'Not Graduate',No,0.045553,0,0.146165,0.74359,1,Rural,Y
Male,Yes,'Not Graduate',Yes,0.077093,0.024,0.257598,0.74359,1,Rural,N
Male,No,Graduate,No,0.03509,0,0.114327,0.74359,0,Semiurban,N
Male,Yes,Graduate,Yes,0.121373,0,0.247467,0.74359,1,Rural,Y
Male,Yes,Graduate,No,0.069635,0,0.264834,0.74359,1,Urban,Y
Female,No,Graduate,No,0.00329,1,0.493488,0.358974,0.842199,Urban,N
Male,Yes,'Not Graduate',No,0.033939,0.067007,0.211288,0.74359,1,Rural,Y
Male,Yes,Graduate,No,0.068683,0,0.172214,0.74359,1,Urban,Y
Male,No,Graduate,No,0.043612,0.103223,0.23589,0.74359,1,Rural,Y
Female,Yes,Graduate,No,0.146568,0,0.704776,0.74359,1,Semiurban,Y
Male,Yes,'Not Graduate',No,0.027829,0.091199,0.19886,0.358974,1,Urban,N
Male,Yes,Graduate,No,0.040198,0.06,0.237337,0.74359,1,Semiurban,Y
Male,Yes,'Not Graduate',No,0.047458,0.033864,0.214182,0.74359,1,Rural,Y
Male,Yes,Graduate,No,0.03812,0.0468,0.143271,0.74359,1,Rural,Y
Female,No,Graduate,No,0.034014,0,0.089725,0.74359,1,Rural,Y
Male,Yes,Graduate,No,0.04893,0,0.044863,0.358974,1,Rural,Y
Male,Yes,Graduate,No,0.097984,0.00576,0.353111,0.74359,1,Urban,Y
Male,Yes,Graduate,No,0.091936,0,0.257598,0.74359,1,Urban,Y
Female,No,Graduate,Yes,0.05483,0,0.17945,0.74359,0,Semiurban,N
